frame,timestamp_ms,pose_detected,l_shoulder_x,l_shoulder_y,l_shoulder_vis,r_shoulder_x,r_shoulder_y,r_shoulder_vis,l_hip_x,l_hip_y,l_hip_vis,r_hip_x,r_hip_y,r_hip_vis,nose_x,nose_y,nose_vis,both_shoulders_visible,shoulder_angle_deg
0,0,True,0.6454911231994629,0.5361648797988892,0.9997219443321228,0.46163904666900635,0.5410712957382202,0.9997977614402771,0.606544554233551,0.704816460609436,0.9983826875686646,0.48805034160614014,0.7057105898857117,0.997908353805542,0.5453240871429443,0.4800068438053131,0.9998101592063904,True,178.47132420751748
1,33,True,0.643206775188446,0.5362119078636169,0.999739944934845,0.45725956559181213,0.5410997271537781,0.9997977018356323,0.6034485101699829,0.708112359046936,0.9983958601951599,0.48428916931152344,0.710558295249939,0.9979106783866882,0.5419993996620178,0.47973230481147766,0.9998228549957275,True,178.49426650428487
2,66,True,0.639987587928772,0.536227285861969,0.9997541904449463,0.45344436168670654,0.5406219363212585,0.9997905492782593,0.5956344604492188,0.7104709148406982,0.9983956217765808,0.47625115513801575,0.7112207412719727,0.9978406429290771,0.5377210974693298,0.47964048385620117,0.9998226165771484,True,178.65045564709175
3,99,True,0.6357152462005615,0.536307692527771,0.9997612833976746,0.44893157482147217,0.5400671362876892,0.9997724294662476,0.5915810465812683,0.7111589312553406,0.9982485771179199,0.4730302095413208,0.7111238241195679,0.9975631833076477,0.5358648896217346,0.47915929555892944,0.999812126159668,True,178.8469485606245
4,133,True,0.6314153075218201,0.5362558364868164,0.9997677803039551,0.4466650187969208,0.5381234288215637,0.9997661113739014,0.5849310755729675,0.7102881669998169,0.998035192489624,0.4689483344554901,0.708854079246521,0.9972590804100037,0.532743513584137,0.47894707322120667,0.9998186826705933,True,179.42083168170865
5,166,True,0.6270115971565247,0.5362565517425537,0.9997729063034058,0.44190239906311035,0.5379734635353088,0.9997572302818298,0.5841296315193176,0.7105732560157776,0.9979076385498047,0.46669089794158936,0.7091500759124756,0.9970808029174805,0.527888298034668,0.47841694951057434,0.9998297095298767,True,179.4685894608737
6,199,True,0.6251238584518433,0.5361508727073669,0.9997748136520386,0.44163015484809875,0.5375075936317444,0.9997367858886719,0.5818184614181519,0.7104818820953369,0.9978103041648865,0.46413809061050415,0.7089764475822449,0.9968691468238831,0.5257824063301086,0.4783441424369812,0.9998294711112976,True,179.57637256800666
7,232,True,0.6243693828582764,0.5361039042472839,0.9997583627700806,0.43890443444252014,0.5363655090332031,0.9997085332870483,0.5801582336425781,0.7094046473503113,0.9975895285606384,0.4630891680717468,0.7080405950546265,0.9966520071029663,0.5249361395835876,0.47780707478523254,0.9998230934143066,True,179.91918235590614
8,266,True,0.6247179508209229,0.5360566973686218,0.9997631311416626,0.43951019644737244,0.5359375476837158,0.999707818031311,0.579660177230835,0.7085500359535217,0.9975301027297974,0.46342912316322327,0.7056376338005066,0.996635913848877,0.5254347920417786,0.4777745008468628,0.9998345971107483,True,-179.96313991735005
9,299,True,0.6251500248908997,0.5360227823257446,0.9997603297233582,0.4400186240673065,0.5355562567710876,0.9996989965438843,0.5803461074829102,0.7079357504844666,0.9974063634872437,0.4638504683971405,0.705295979976654,0.9965212345123291,0.5257429480552673,0.4776594340801239,0.9998392462730408,True,-179.85561666676992
10,332,True,0.6252914667129517,0.5356054902076721,0.9997686743736267,0.4402463734149933,0.5354451537132263,0.9997053146362305,0.5805377960205078,0.7074869871139526,0.9973984956741333,0.4646121859550476,0.7046502828598022,0.9965305328369141,0.5259919166564941,0.47766023874282837,0.9998493790626526,True,-179.9503547920622
11,365,True,0.6258527040481567,0.5355858206748962,0.999768853187561,0.4423702359199524,0.5350462198257446,0.9997085332870483,0.5807325839996338,0.7074044942855835,0.9973960518836975,0.4668516516685486,0.7045539617538452,0.9965238571166992,0.5262643694877625,0.4776551425457001,0.9998571872711182,True,-179.8315001838451
12,399,True,0.6280455589294434,0.5353708863258362,0.9997691512107849,0.4458238482475281,0.5350719690322876,0.9997051358222961,0.5834336280822754,0.7073946595191956,0.9973628520965576,0.4710347354412079,0.704595148563385,0.9964343905448914,0.5274345874786377,0.477857381105423,0.9998617768287659,True,-179.90601183625427
13,432,True,0.6313964128494263,0.5353700518608093,0.9997744560241699,0.45021358132362366,0.5350348353385925,0.9997060298919678,0.5865378975868225,0.7074376344680786,0.9973129034042358,0.47364646196365356,0.7046396136283875,0.9963330030441284,0.5301663279533386,0.4779110848903656,0.9998674392700195,True,-179.89399398458855
14,465,True,0.6353422999382019,0.5353782176971436,0.9997705221176147,0.4555877149105072,0.5351225137710571,0.9996454119682312,0.5929449200630188,0.7068271040916443,0.9971648454666138,0.48157060146331787,0.7046734094619751,0.9958639144897461,0.5347996950149536,0.4780433475971222,0.9998259544372559,True,-179.91849584317848
15,498,True,0.6409182548522949,0.5355930924415588,0.9997780323028564,0.4600636661052704,0.5359191298484802,0.9996457695960999,0.5998629927635193,0.706965982913971,0.9972137808799744,0.48846864700317383,0.7051865458488464,0.9958712458610535,0.5391770601272583,0.4782279133796692,0.9998343586921692,True,179.89670957606043
16,532,True,0.6454965472221375,0.5362767577171326,0.9997689127922058,0.4622478783130646,0.5360641479492188,0.9996290802955627,0.6062648296356201,0.70770663022995,0.9971962571144104,0.491945743560791,0.7058570384979248,0.9958099126815796,0.5428494811058044,0.47825708985328674,0.9998337626457214,True,-179.9335240087077
17,565,True,0.6503562331199646,0.5367088913917542,0.999752402305603,0.4666247069835663,0.5363386869430542,0.9996062517166138,0.6120449304580688,0.7076663374900818,0.9969865679740906,0.49816787242889404,0.7058627009391785,0.9954861998558044,0.5478789210319519,0.47886893153190613,0.99981689453125,True,-179.88455370611408
18,598,True,0.6523322463035583,0.5366655588150024,0.9997565150260925,0.46835923194885254,0.536361813545227,0.9996080994606018,0.6168457269668579,0.7065466642379761,0.9968754649162292,0.5035209059715271,0.7057731747627258,0.9952705502510071,0.5503575205802917,0.47890913486480713,0.9998067021369934,True,-179.90540294046392
19,631,True,0.6540565490722656,0.5366618633270264,0.9997410774230957,0.4693854749202728,0.5364588499069214,0.9995983839035034,0.6195830702781677,0.7044953107833862,0.9966868162155151,0.5094417929649353,0.7042166590690613,0.994971513748169,0.5538048148155212,0.47932595014572144,0.9997815489768982,True,-179.93701337621926
20,665,True,0.6590824723243713,0.5366570949554443,0.9997474551200867,0.47525447607040405,0.536603569984436,0.9996129870414734,0.6211878061294556,0.7055613398551941,0.9968474507331848,0.5121502876281738,0.7047070860862732,0.9951929450035095,0.5556321144104004,0.4793650805950165,0.9997810125350952,True,-179.98331725899666
21,698,True,0.6616179347038269,0.5369520783424377,0.9997429847717285,0.4777352809906006,0.5373331308364868,0.9996059536933899,0.6241444945335388,0.7048274874687195,0.9968615770339966,0.5160297155380249,0.7045931220054626,0.9951601028442383,0.5584772229194641,0.48010891675949097,0.9997653365135193,True,179.88126847209674
22,731,True,0.6628549695014954,0.5369951128959656,0.9997410774230957,0.48075607419013977,0.537358820438385,0.9996089935302734,0.6256545186042786,0.7044990062713623,0.996959388256073,0.5170171856880188,0.7040168642997742,0.9952686429023743,0.5612797737121582,0.48024502396583557,0.9997556209564209,True,179.88556284533365
23,765,True,0.6654099822044373,0.5369847416877747,0.9997478127479553,0.4844610095024109,0.537432074546814,0.9996132850646973,0.6284882426261902,0.7036184668540955,0.9970537424087524,0.5213906168937683,0.7037157416343689,0.9953659176826477,0.5639339089393616,0.48050209879875183,0.9997398257255554,True,179.8583565727697
24,798,True,0.66668701171875,0.537023663520813,0.9997485876083374,0.48496851325035095,0.5384072065353394,0.9996229410171509,0.6311900019645691,0.703601062297821,0.9970871806144714,0.523969829082489,0.7037662267684937,0.9954149127006531,0.5664044618606567,0.48066446185112,0.9997469186782837,True,179.56377779641306
25,831,True,0.6676858067512512,0.5373757481575012,0.9997526407241821,0.48621848225593567,0.5392042398452759,0.9996271133422852,0.6323862671852112,0.7052041888237,0.9971529245376587,0.523193895816803,0.7062020897865295,0.9954614639282227,0.5674889087677002,0.4808005690574646,0.9997456073760986,True,179.42269876109825
26,864,True,0.6693864464759827,0.5376951098442078,0.9997645020484924,0.4863775074481964,0.5393842458724976,0.9996445775032043,0.6331806778907776,0.7061630487442017,0.9972249865531921,0.5231826901435852,0.7070978283882141,0.9955630302429199,0.5672158598899841,0.48101362586021423,0.9997593760490417,True,179.4711863918536
27,898,True,0.6700332760810852,0.5381971597671509,0.9997784495353699,0.48591020703315735,0.5400454998016357,0.9996536374092102,0.6330868005752563,0.7074275612831116,0.997286856174469,0.5221766233444214,0.708221435546875,0.9955942630767822,0.5694000720977783,0.48112788796424866,0.9997715353965759,True,179.4248492247001
28,931,True,0.6703062057495117,0.5384123921394348,0.9997870922088623,0.4860982298851013,0.5408239960670471,0.9996578693389893,0.6329067945480347,0.7085523009300232,0.9973454475402832,0.5232009887695312,0.7105255126953125,0.995647132396698,0.5710446834564209,0.4819472134113312,0.9997721910476685,True,179.2499410898166
29,964,True,0.6709654927253723,0.5387600064277649,0.9997912645339966,0.48615705966949463,0.5412128567695618,0.9996492266654968,0.6325034499168396,0.7103321552276611,0.9973599910736084,0.5227595567703247,0.7116113305091858,0.9956473708152771,0.5724791288375854,0.4823421239852905,0.9997536540031433,True,179.23959248673094
30,997,True,0.6706791520118713,0.5388038158416748,0.9997920989990234,0.48610353469848633,0.541217029094696,0.9996427297592163,0.6324703097343445,0.7102469801902771,0.9973106384277344,0.5224077701568604,0.7115201950073242,0.9955568313598633,0.5726909637451172,0.4823931157588959,0.9997392296791077,True,179.25093542228953
31,1031,True,0.6704379320144653,0.5388044714927673,0.9997998476028442,0.48592501878738403,0.5414140820503235,0.9996379017829895,0.6322851181030273,0.7102009654045105,0.9972949624061584,0.5218787789344788,0.7114883661270142,0.9954967498779297,0.5734009742736816,0.48252227902412415,0.9997421503067017,True,179.18970602021196
32,1064,True,0.6702858805656433,0.5387501120567322,0.9998093843460083,0.48590195178985596,0.5414733290672302,0.9996287226676941,0.6321485638618469,0.7099922299385071,0.9973000288009644,0.5216507911682129,0.7113660573959351,0.9954362511634827,0.5732669234275818,0.48253920674324036,0.9997437596321106,True,179.15384437794836
33,1097,True,0.6698681712150574,0.5379865765571594,0.9998152256011963,0.48557931184768677,0.5411193370819092,0.9996047019958496,0.6320222020149231,0.7091121077537537,0.9972699880599976,0.5214295387268066,0.7112058401107788,0.9953263401985168,0.5730590224266052,0.48241671919822693,0.999723494052887,True,179.02611221149175
34,1130,True,0.6677032113075256,0.5376075506210327,0.9998235702514648,0.4847661852836609,0.539440929889679,0.9996020793914795,0.631262481212616,0.7088028192520142,0.9972739815711975,0.5191671848297119,0.7106342911720276,0.9952995181083679,0.5729774236679077,0.4823109805583954,0.9997340440750122,True,179.4258058088345
35,1164,True,0.6665894985198975,0.5365003943443298,0.9998260140419006,0.48223555088043213,0.5377722382545471,0.9995847940444946,0.6291747093200684,0.7066704630851746,0.9972403049468994,0.5155661702156067,0.7083578109741211,0.9952475428581238,0.5728750824928284,0.4822588860988617,0.9997103214263916,True,179.60472703126686
36,1197,True,0.6656643152236938,0.5360325574874878,0.9998282194137573,0.4806469976902008,0.5361082553863525,0.9995806813240051,0.6288566589355469,0.7051042318344116,0.9972002506256104,0.5140344500541687,0.7076226472854614,0.9952000975608826,0.5728165507316589,0.4822688698768616,0.9997127652168274,True,179.9765580328438
37,1230,True,0.6654418110847473,0.5352586507797241,0.9998297691345215,0.47983020544052124,0.536212146282196,0.9995490312576294,0.6288174390792847,0.7045751810073853,0.9971674084663391,0.5140231251716614,0.7072744369506836,0.9951281547546387,0.5711486339569092,0.4822307229042053,0.999698281288147,True,179.70567148894085
38,1263,True,0.6666080355644226,0.5350642800331116,0.999803364276886,0.48003849387168884,0.5348472595214844,0.9995070695877075,0.628935694694519,0.7039678692817688,0.9970528483390808,0.5140535831451416,0.7061906456947327,0.995048999786377,0.5711307525634766,0.48181021213531494,0.9996693134307861,True,-179.93335271307947
39,1297,True,0.6678395867347717,0.5346508026123047,0.9998060464859009,0.4807172417640686,0.5342184901237488,0.9995101690292358,0.6290427446365356,0.7037605047225952,0.997089684009552,0.5140671133995056,0.7055495977401733,0.9951793551445007,0.5741546750068665,0.48123931884765625,0.9996745586395264,True,-179.8676286524785
40,1330,True,0.6691010594367981,0.534579336643219,0.9998061656951904,0.48209822177886963,0.5342332720756531,0.9995110034942627,0.6307653784751892,0.7037824988365173,0.997102677822113,0.5160365700721741,0.7055594325065613,0.995262086391449,0.5755898356437683,0.48085254430770874,0.9996751546859741,True,-179.89396943504102
41,1363,True,0.6705400347709656,0.5351263284683228,0.9997813105583191,0.4845600724220276,0.534308135509491,0.9994838833808899,0.6321641802787781,0.7045162916183472,0.9969496726989746,0.5204921364784241,0.706281304359436,0.99508136510849,0.5777878761291504,0.4808814823627472,0.9996532797813416,True,-179.74793681888164
42,1397,True,0.6708208322525024,0.5363209247589111,0.9997726678848267,0.48810622096061707,0.5350213646888733,0.9994926452636719,0.6331292390823364,0.7065626978874207,0.9969667196273804,0.5235626101493835,0.7079017758369446,0.9951698184013367,0.5806455612182617,0.4808048903942108,0.999671459197998,True,-179.592489888083
43,1430,True,0.6710149049758911,0.5378493070602417,0.9997764229774475,0.49226656556129456,0.5354673266410828,0.9995170831680298,0.6360887885093689,0.7044166922569275,0.9966960549354553,0.5305556058883667,0.7066758871078491,0.9949187636375427,0.5845156908035278,0.48082664608955383,0.9996933937072754,True,-179.2365280276937
44,1463,True,0.669954240322113,0.5399559140205383,0.9997849464416504,0.4944755733013153,0.5372493863105774,0.999550998210907,0.6402154564857483,0.7041255235671997,0.996452271938324,0.5399643182754517,0.7065240740776062,0.9948943853378296,0.5936917066574097,0.48086267709732056,0.999715268611908,True,-179.11635800203723
45,1496,True,0.6657071709632874,0.543182373046875,0.9997699856758118,0.5023085474967957,0.5387661457061768,0.9995877742767334,0.6405826210975647,0.7107324004173279,0.9955714344978333,0.5556212067604065,0.7122203707695007,0.9944814443588257,0.5995995998382568,0.4810575544834137,0.9997269511222839,True,-178.4518253671314
46,1530,True,0.6581780314445496,0.5452002286911011,0.999680757522583,0.507488489151001,0.5398100018501282,0.9996210932731628,0.6405687928199768,0.7137804627418518,0.9941350817680359,0.5666602253913879,0.7162694334983826,0.9941653609275818,0.6081239581108093,0.4813559651374817,0.9997420907020569,True,-177.9513798797338
47,1563,True,0.6526409387588501,0.5453234910964966,0.9996562600135803,0.5175641775131226,0.5397778749465942,0.9996545314788818,0.640039324760437,0.7144527435302734,0.9940605163574219,0.5749474167823792,0.7168493270874023,0.9943815469741821,0.6144665479660034,0.48127901554107666,0.9997653365135193,True,-177.64902521721118
48,1596,True,0.6445331573486328,0.5450519919395447,0.9994831085205078,0.5361984372138977,0.5385006070137024,0.9996809363365173,0.6386035680770874,0.7141820788383484,0.9924885630607605,0.5810425877571106,0.7162615656852722,0.9939290881156921,0.6183791756629944,0.4811120331287384,0.9997798204421997,True,-176.53933541443584
49,1629,True,0.6336708068847656,0.5440986156463623,0.9989103674888611,0.5471353530883789,0.534661054611206,0.9996921420097351,0.6335463523864746,0.7140890955924988,0.9869824647903442,0.5857400298118591,0.7160638570785522,0.9917098879814148,0.6258747577667236,0.48068952560424805,0.9997823238372803,True,-173.77591816594065
50,1663,True,0.6284850239753723,0.5420247912406921,0.9982802867889404,0.5604875683784485,0.5294576287269592,0.9997057318687439,0.623505175113678,0.714681088924408,0.984305202960968,0.5987496376037598,0.7159646153450012,0.9912241101264954,0.6326616406440735,0.4797852635383606,0.999791145324707,True,-169.5288577920152
51,1696,True,0.6277878880500793,0.5379425287246704,0.998269259929657,0.574230968952179,0.5238737463951111,0.9997283816337585,0.6200142502784729,0.7117838263511658,0.9849247932434082,0.6070677042007446,0.7125346660614014,0.9917606115341187,0.6426135897636414,0.47777965664863586,0.9998104572296143,True,-165.28159696031392
52,1729,True,0.6116164326667786,0.5299813747406006,0.998164713382721,0.6000550985336304,0.5210180878639221,0.9997320771217346,0.6091337203979492,0.707445502281189,0.9853821396827698,0.6139165163040161,0.7094213962554932,0.9920544028282166,0.6570127606391907,0.475393146276474,0.9998263716697693,True,-142.2142454552968
53,1762,True,0.6063191890716553,0.5282856225967407,0.9980204105377197,0.6166470050811768,0.5195236802101135,0.9997275471687317,0.6039213538169861,0.7075835466384888,0.9860988259315491,0.6161657571792603,0.7092278003692627,0.9924085736274719,0.6763879060745239,0.4722227156162262,0.9998229146003723,True,-40.31070343222497
54,1796,True,0.5881385803222656,0.5293160080909729,0.9979686737060547,0.6384599804878235,0.5197290182113647,0.999734103679657,0.5895832777023315,0.7090009450912476,0.9860945343971252,0.62904953956604,0.7092300653457642,0.992531955242157,0.6903796195983887,0.4717729985713959,0.9998291730880737,True,-10.786452772173705
55,1829,True,0.5759499073028564,0.5354018807411194,0.9980818033218384,0.6601676940917969,0.5205839276313782,0.9997478723526001,0.5795579552650452,0.7107280492782593,0.9867778420448303,0.6472358107566833,0.7091773748397827,0.992851197719574,0.7020801901817322,0.4729766547679901,0.9998167753219604,True,-9.978940691249797
56,1862,True,0.5712680220603943,0.5381255745887756,0.9981366991996765,0.6694307327270508,0.5211741328239441,0.9997599720954895,0.5767816305160522,0.711846113204956,0.9870527982711792,0.6538462042808533,0.7091224193572998,0.9930930733680725,0.7019704580307007,0.47961223125457764,0.9997763633728027,True,-9.797618103538674
57,1895,True,0.5541748404502869,0.5386433005332947,0.9981960654258728,0.6888396739959717,0.5215001106262207,0.99976646900177,0.5730530619621277,0.7118421792984009,0.9869378209114075,0.6674166917800903,0.706560492515564,0.993201732635498,0.6922445893287659,0.4840444028377533,0.9997221231460571,True,-7.254881612878556
58,1929,True,0.5478562116622925,0.5387222170829773,0.9982572793960571,0.7018731236457825,0.528243362903595,0.9997569918632507,0.5700715184211731,0.7103345394134521,0.9874284267425537,0.6722117066383362,0.704578697681427,0.9932182431221008,0.6864998936653137,0.4842687249183655,0.9996867179870605,True,-3.8922366360952227
59,1962,True,0.5348818302154541,0.5391038656234741,0.9982959032058716,0.7098056077957153,0.5351734757423401,0.9997401833534241,0.5686430335044861,0.7090021371841431,0.9881740808486938,0.6752529740333557,0.7027254104614258,0.9935594201087952,0.6760854125022888,0.48510977625846863,0.9996283054351807,True,-1.2871712989421806
60,1995,True,0.5360181927680969,0.5374495387077332,0.9983084201812744,0.7201629877090454,0.5434526801109314,0.9996389150619507,0.5647190809249878,0.7090234756469727,0.9887123703956604,0.6719672083854675,0.7043505311012268,0.9934270977973938,0.6594415903091431,0.48498865962028503,0.9993956089019775,True,1.8671876988396918
61,2029,True,0.5340176820755005,0.5347498655319214,0.9984152317047119,0.7236023545265198,0.5494338274002075,0.9996303915977478,0.5597784519195557,0.7098511457443237,0.9895386099815369,0.6671823859214783,0.7080686092376709,0.9936529994010925,0.6233698129653931,0.4879361391067505,0.999205470085144,True,4.4289059776707695
62,2062,True,0.5411019921302795,0.529903769493103,0.9985404014587402,0.7156084775924683,0.5509549975395203,0.9995731711387634,0.5634534358978271,0.7078522443771362,0.990511953830719,0.6669905781745911,0.7096051573753357,0.9941504001617432,0.5896421074867249,0.48897889256477356,0.9992464780807495,True,6.878519963691219
63,2095,True,0.560863196849823,0.5217519998550415,0.9986779689788818,0.705167829990387,0.5484559535980225,0.9995743632316589,0.5673322081565857,0.6967779397964478,0.9914091229438782,0.6670375466346741,0.7070884704589844,0.9946431517601013,0.5651029944419861,0.489651083946228,0.999312698841095,True,10.484134517874828
64,2128,True,0.5774615406990051,0.5175573229789734,0.998802661895752,0.6892275810241699,0.5433228611946106,0.9995394945144653,0.5743399858474731,0.6972047090530396,0.992221474647522,0.6604176759719849,0.7050735354423523,0.9950867891311646,0.5532466769218445,0.4881925582885742,0.9993683695793152,True,12.981657218435492
65,2162,True,0.5944647192955017,0.5106187462806702,0.9989137053489685,0.6659032702445984,0.536173403263092,0.9994698166847229,0.6006289720535278,0.6975205540657043,0.9929661154747009,0.6371387243270874,0.7029750943183899,0.9954811930656433,0.5454419851303101,0.48405253887176514,0.9994190335273743,True,19.68290304342777
66,2195,True,0.5921791195869446,0.5010645389556885,0.9990159869194031,0.6561036109924316,0.5280038714408875,0.9993906021118164,0.6015915870666504,0.6983630061149597,0.9936230182647705,0.6188586950302124,0.7019367218017578,0.9957165122032166,0.5439293384552002,0.4786018431186676,0.9994344711303711,True,22.851738837863234
67,2228,True,0.5937699675559998,0.4918581545352936,0.9991120100021362,0.6409498453140259,0.5209149718284607,0.9993240237236023,0.6003766059875488,0.6989063024520874,0.9942084550857544,0.6107823252677917,0.7021051049232483,0.9958652853965759,0.5448858141899109,0.4693323075771332,0.9994484782218933,True,31.627797960737656
68,2261,True,0.6142281293869019,0.4870915114879608,0.9991997480392456,0.605802595615387,0.5206707715988159,0.9991820454597473,0.6089369654655457,0.6956258416175842,0.9947474598884583,0.5916308760643005,0.7006692886352539,0.9960193634033203,0.5523544549942017,0.46463823318481445,0.9994806051254272,True,104.0855645326948
69,2295,True,0.6381928324699402,0.49373742938041687,0.9992747902870178,0.5783717632293701,0.5211312174797058,0.9986218810081482,0.6189748644828796,0.6942110061645508,0.9951774477958679,0.5640947222709656,0.6996573209762573,0.9960072040557861,0.5571985244750977,0.4646773040294647,0.9994831681251526,True,155.39559432740242
70,2328,True,0.6469038128852844,0.49787437915802,0.99933922290802,0.5482293963432312,0.5214080214500427,0.9986374974250793,0.624840259552002,0.6995836496353149,0.9955780506134033,0.5491338968276978,0.7024612426757812,0.9961968064308167,0.5589965581893921,0.46500805020332336,0.9995219707489014,True,166.58567046668222
71,2361,True,0.6580781936645508,0.5053927302360535,0.9993996024131775,0.5115047097206116,0.522371232509613,0.9986565709114075,0.6252664923667908,0.707841694355011,0.9959672093391418,0.5280767679214478,0.7075440287590027,0.9964020848274231,0.5572676658630371,0.4650059938430786,0.9995589852333069,True,173.39252777935693
72,2394,True,0.6719655394554138,0.5146849155426025,0.9994471073150635,0.4928542971611023,0.5251720547676086,0.9987181425094604,0.6289180517196655,0.7119438052177429,0.9962195754051208,0.5181087255477905,0.7109402418136597,0.9964512586593628,0.5589877963066101,0.4632224142551422,0.9995787143707275,True,176.64910152125543
73,2428,True,0.6829924583435059,0.5230960845947266,0.9994717240333557,0.482919305562973,0.5256808400154114,0.9988169074058533,0.6336193084716797,0.7144620418548584,0.99628746509552,0.5099581480026245,0.710824728012085,0.9963898658752441,0.559590756893158,0.46085622906684875,0.9996057748794556,True,179.259834034195
74,2461,True,0.6874069571495056,0.527932345867157,0.9995152950286865,0.47975945472717285,0.5275098085403442,0.9989107847213745,0.6362213492393494,0.7134451270103455,0.9962445497512817,0.5143481492996216,0.710521399974823,0.9961430430412292,0.560479998588562,0.4609746038913727,0.9996353387832642,True,-179.88341024180093
75,2494,True,0.6840231418609619,0.5353211760520935,0.9995591044425964,0.47362110018730164,0.5300735235214233,0.9990131258964539,0.6366189122200012,0.714863121509552,0.9964594841003418,0.5154229402542114,0.712626039981842,0.9963338375091553,0.5667065382003784,0.46127650141716003,0.999669075012207,True,-178.57127802118748
76,2527,True,0.678064227104187,0.5367884039878845,0.9995967149734497,0.47474581003189087,0.5310943722724915,0.9991028308868408,0.6378834843635559,0.7148730158805847,0.9965428113937378,0.5190973877906799,0.7138836979866028,0.9964383840560913,0.5734808444976807,0.46167290210723877,0.9996994733810425,True,-178.3958229723743
77,2561,True,0.6772676110267639,0.5373087525367737,0.999607264995575,0.4839319884777069,0.529062807559967,0.9991709589958191,0.6380203366279602,0.7101781368255615,0.9964858293533325,0.5246238708496094,0.7122306227684021,0.9963436722755432,0.5835762023925781,0.4619368016719818,0.9997211694717407,True,-177.55776163603716
78,2594,True,0.6620641946792603,0.5365613102912903,0.9996179342269897,0.49289628863334656,0.5207290053367615,0.9992438554763794,0.6374857425689697,0.7083107829093933,0.9964576363563538,0.5281181335449219,0.7078955173492432,0.9963783621788025,0.594115138053894,0.4610246419906616,0.9997443556785583,True,-174.65330262607495
79,2627,True,0.6351059675216675,0.5352498888969421,0.9995875358581543,0.5076254606246948,0.5156030058860779,0.9992948174476624,0.6268472671508789,0.7073885202407837,0.9964178800582886,0.5397006869316101,0.7038196325302124,0.9964510798454285,0.6026426553726196,0.4601496756076813,0.9997669458389282,True,-171.23869210829838
80,2661,True,0.6188676357269287,0.5315217971801758,0.9994465708732605,0.5178008675575256,0.5125912427902222,0.99933922290802,0.6113774180412292,0.7049550414085388,0.9961002469062805,0.5458440184593201,0.7034743428230286,0.9964659214019775,0.6117233037948608,0.4591084420681,0.9997801184654236,True,-169.39100503563463
81,2694,True,0.6081981658935547,0.5239056348800659,0.9992706775665283,0.5401065945625305,0.5082963109016418,0.9993903040885925,0.5752477049827576,0.7042960524559021,0.9961502552032471,0.555793285369873,0.7032279968261719,0.996690034866333,0.6175629496574402,0.45632272958755493,0.9998005628585815,True,-167.0885896269515
82,2727,True,0.5974032878875732,0.5172642469406128,0.9990758299827576,0.5634115934371948,0.5066911578178406,0.9994311928749084,0.5574579834938049,0.7046440243721008,0.9958456754684448,0.5656358003616333,0.7046849131584167,0.9967949986457825,0.6314419507980347,0.45309922099113464,0.9998190402984619,True,-162.72173626408096
83,2760,True,0.5960983633995056,0.5150066614151001,0.9987660050392151,0.5680312514305115,0.5057627558708191,0.9994587898254395,0.5577130317687988,0.7047222256660461,0.993708610534668,0.5649750232696533,0.7058421969413757,0.9962665438652039,0.6479685306549072,0.4521494507789612,0.9998315572738647,True,-161.77069733318228
84,2794,True,0.578679621219635,0.5133781433105469,0.9984372854232788,0.5983473062515259,0.5071665644645691,0.9994545578956604,0.5409366488456726,0.7077459692955017,0.9914750456809998,0.5704300999641418,0.7090295553207397,0.995594322681427,0.6671416759490967,0.4496653378009796,0.9998336434364319,True,-17.527504634607364
85,2827,True,0.551360547542572,0.5137326121330261,0.998478353023529,0.6364278197288513,0.5082888007164001,0.999491274356842,0.5306006669998169,0.707691490650177,0.9910182952880859,0.5856980085372925,0.7089937329292297,0.9954941868782043,0.6799255609512329,0.4494137465953827,0.999847412109375,True,-3.6616042042164665
86,2860,True,0.5312646627426147,0.5200636386871338,0.9985587000846863,0.6588088870048523,0.5133892893791199,0.9995238780975342,0.5215786695480347,0.7094866633415222,0.9913597702980042,0.6050545573234558,0.7102678418159485,0.9956713318824768,0.6920813918113708,0.45151057839393616,0.9998562335968018,True,-2.9955378672912705
87,2893,True,0.512749433517456,0.5204265713691711,0.9985445141792297,0.6816955804824829,0.5195038318634033,0.9994968771934509,0.5160892605781555,0.7094494104385376,0.9911407232284546,0.624634325504303,0.710210919380188,0.9953392744064331,0.6814913749694824,0.4595290422439575,0.9998282790184021,True,-0.31293139574114937
88,2927,True,0.4982452988624573,0.5200284719467163,0.9985953569412231,0.6929690837860107,0.5267336964607239,0.9994527697563171,0.509575366973877,0.7090820074081421,0.9916701316833496,0.6265443563461304,0.7099281549453735,0.9953437447547913,0.6601960062980652,0.46209943294525146,0.9997956156730652,True,1.9721747265400906
89,2960,True,0.48918700218200684,0.5193899869918823,0.9986410737037659,0.6931291222572327,0.5294134616851807,0.9994311332702637,0.5037606358528137,0.7098805904388428,0.991718590259552,0.6198415756225586,0.7099090814590454,0.9950146675109863,0.6419689059257507,0.4635278880596161,0.9997224807739258,True,2.813744598983413
90,2993,True,0.4839557707309723,0.5188328623771667,0.9986544847488403,0.6935602426528931,0.5335496664047241,0.9993407726287842,0.503960907459259,0.7118837237358093,0.9917104840278625,0.618003249168396,0.7112076878547668,0.994602620601654,0.6306103467941284,0.4678984582424164,0.9995824694633484,True,4.016275157084453
91,3026,True,0.49641481041908264,0.5116932988166809,0.9987521767616272,0.6891654133796692,0.5354288816452026,0.9993219375610352,0.5036624073982239,0.7077381610870361,0.9923325181007385,0.6148883104324341,0.7069641351699829,0.994885265827179,0.5688030123710632,0.4698324203491211,0.9994493126869202,True,7.020141938484792
92,3060,True,0.5063092708587646,0.5059506893157959,0.9988505840301514,0.679602861404419,0.5340687036514282,0.9992899298667908,0.5090603828430176,0.7022576928138733,0.9930436015129089,0.6162205338478088,0.7054209113121033,0.9952894449234009,0.5349380373954773,0.4689529836177826,0.9994751811027527,True,9.21629404879982
93,3093,True,0.5372808575630188,0.5032546520233154,0.998956561088562,0.6732379198074341,0.5271389484405518,0.9992683529853821,0.5344724655151367,0.6994799375534058,0.9937075972557068,0.604247510433197,0.7025724053382874,0.995701014995575,0.5173577070236206,0.4684373140335083,0.9995132088661194,True,9.963782786538948
94,3126,True,0.5769380331039429,0.49974295496940613,0.9990395903587341,0.6311225295066833,0.518639326095581,0.9991716146469116,0.5694171786308289,0.6993828415870667,0.9942395091056824,0.5664703845977783,0.7004797458648682,0.9959428310394287,0.5159316658973694,0.46123945713043213,0.9995335936546326,True,19.225772628037458
95,3159,True,0.5706548094749451,0.4890078008174896,0.9991263747215271,0.6229264140129089,0.5131241679191589,0.999178409576416,0.5682970881462097,0.6946800947189331,0.9947670698165894,0.5669110417366028,0.6952866315841675,0.9962343573570251,0.510661780834198,0.45767325162887573,0.9995456337928772,True,24.767017471502616
96,3193,True,0.5792727470397949,0.48513633012771606,0.9991999268531799,0.5874314904212952,0.5061250329017639,0.9991426467895508,0.5707167983055115,0.6807375550270081,0.9952284693717957,0.5563215613365173,0.685346245765686,0.9964584708213806,0.5236254334449768,0.44915246963500977,0.9995657205581665,True,68.7578652104143
97,3226,True,0.5848325490951538,0.476666122674942,0.9992727637290955,0.5716120004653931,0.5051995515823364,0.9991171956062317,0.5703821182250977,0.674636721611023,0.9956451058387756,0.5523352026939392,0.6832646131515503,0.9966288805007935,0.52867192029953,0.4465331733226776,0.9995809197425842,True,114.8599607965173
98,3259,True,0.6010913848876953,0.4783092439174652,0.9993210434913635,0.5218278765678406,0.5113651156425476,0.9987491369247437,0.5813478231430054,0.6794590353965759,0.9959033131599426,0.5314057469367981,0.6867148280143738,0.9963016510009766,0.5288114547729492,0.4472527503967285,0.999582827091217,True,157.36202324304116
99,3292,True,0.6189450025558472,0.49149614572525024,0.9993814826011658,0.5041310787200928,0.5217314958572388,0.9986811280250549,0.5935044288635254,0.6919484734535217,0.996160089969635,0.5153341889381409,0.6981303691864014,0.9962529540061951,0.5310641527175903,0.448209285736084,0.9996140599250793,True,165.24656217215667
100,3326,True,0.6327517628669739,0.5013201832771301,0.9994382262229919,0.4772568941116333,0.5236435532569885,0.9987186789512634,0.6020675897598267,0.7000078558921814,0.9965051412582397,0.5058110952377319,0.7033119201660156,0.9964399933815002,0.5332213640213013,0.44854477047920227,0.9996444582939148,True,171.83024607453655
101,3359,True,0.6514865756034851,0.5101441144943237,0.9994819164276123,0.45245781540870667,0.5275473594665527,0.9988220930099487,0.6183171272277832,0.7111530900001526,0.9966917634010315,0.49927854537963867,0.711927056312561,0.9964995384216309,0.5336462259292603,0.4483194351196289,0.9996742606163025,True,175.0027184273355
102,3392,True,0.6570804715156555,0.5146573185920715,0.9995267987251282,0.44521811604499817,0.5289737582206726,0.9989171624183655,0.6224097013473511,0.7111655473709106,0.9968402981758118,0.49484169483184814,0.7114372253417969,0.9965183138847351,0.5348836183547974,0.44833195209503174,0.9997042417526245,True,176.1341577343563
103,3426,True,0.6555614471435547,0.5160359740257263,0.9995646476745605,0.4424682557582855,0.5291192531585693,0.9990037679672241,0.6218782067298889,0.7102879285812378,0.9968104958534241,0.49433690309524536,0.7113254070281982,0.9963333606719971,0.5383260250091553,0.4482880234718323,0.9997282028198242,True,176.4866222117963
104,3459,True,0.6528863906860352,0.5191454291343689,0.999600350856781,0.4430174231529236,0.5295000076293945,0.9990953803062439,0.6240926384925842,0.7093490958213806,0.9967929720878601,0.4975074529647827,0.7106238007545471,0.9963546991348267,0.5424857139587402,0.44823309779167175,0.9997507929801941,True,177.17541397584964
105,3492,True,0.6464807391166687,0.5197939276695251,0.9996355772018433,0.4515080749988556,0.5292673707008362,0.9991807341575623,0.6224124431610107,0.7088192701339722,0.9969506859779358,0.5018923282623291,0.7100938558578491,0.9965642094612122,0.5490923523902893,0.4485975205898285,0.9997751116752625,True,177.21826768619962
106,3525,True,0.6414061188697815,0.5200105905532837,0.9996541142463684,0.46041709184646606,0.5242837071418762,0.9992558360099792,0.6193763613700867,0.7073411345481873,0.996968686580658,0.5037761330604553,0.7088911533355713,0.9966961145401001,0.5577038526535034,0.44880416989326477,0.9997957944869995,True,178.6475087825011
107,3559,True,0.6281498670578003,0.5201854705810547,0.9996258020401001,0.4641370475292206,0.5140817761421204,0.9993131160736084,0.6180214881896973,0.6996365189552307,0.9967712163925171,0.512374997138977,0.7016867399215698,0.9966782927513123,0.5643148422241211,0.4488997757434845,0.9998027086257935,True,-177.86873598670107
108,3592,True,0.6144886016845703,0.5223082304000854,0.9994331002235413,0.4754677712917328,0.5082180500030518,0.9993628263473511,0.6104599833488464,0.6992253661155701,0.9961522221565247,0.5271017551422119,0.7006829977035522,0.9966123104095459,0.567544162273407,0.44869959354400635,0.9998126029968262,True,-174.2126626488462
109,3625,True,0.5971462726593018,0.5203308463096619,0.9993634223937988,0.48668405413627625,0.5041654706001282,0.9993943572044373,0.5929287672042847,0.6961416006088257,0.996140718460083,0.5314753651618958,0.6980448961257935,0.9966697692871094,0.5723003149032593,0.4487205147743225,0.9998218417167664,True,-171.67426181802878
110,3658,True,0.571692705154419,0.5147809386253357,0.9993041753768921,0.509125828742981,0.5024381279945374,0.999430775642395,0.5645330548286438,0.6954707503318787,0.9960330724716187,0.5421529412269592,0.6967908143997192,0.9967256784439087,0.5784816741943359,0.44861704111099243,0.9998375177383423,True,-168.84033348063605
111,3692,True,0.5551819801330566,0.511974573135376,0.9991559982299805,0.530143678188324,0.5016363859176636,0.9994722008705139,0.5363895297050476,0.6975737810134888,0.9961711764335632,0.548710286617279,0.698755145072937,0.9969401955604553,0.5889283418655396,0.44708898663520813,0.999853253364563,True,-157.56451916681954
112,3725,True,0.5676543116569519,0.5092965960502625,0.9988366961479187,0.5459084510803223,0.5006510019302368,0.999496579170227,0.5389523506164551,0.6967061758041382,0.9958944320678711,0.5465087294578552,0.6976721286773682,0.9970265626907349,0.6061431765556335,0.446459025144577,0.99986732006073,True,-158.31850570632253
113,3758,True,0.5317844748497009,0.5095279812812805,0.9986659288406372,0.5800597667694092,0.5016604661941528,0.9995085000991821,0.51670902967453,0.7087442278862,0.995227575302124,0.552703320980072,0.7103930711746216,0.9970047473907471,0.6310871243476868,0.4465312063694,0.9998795390129089,True,-9.256225441551456
114,3791,True,0.5244960784912109,0.5120280385017395,0.9987425804138184,0.6140936017036438,0.5028698444366455,0.9995449185371399,0.5089325308799744,0.7094849944114685,0.9948813319206238,0.5655761361122131,0.7096244692802429,0.996918797492981,0.6463959813117981,0.44605597853660583,0.9998914003372192,True,-5.836208387760009
115,3825,True,0.51341712474823,0.5160709619522095,0.9987794756889343,0.627872884273529,0.5031942129135132,0.9995729923248291,0.5029875040054321,0.709118664264679,0.9946023225784302,0.5824366211891174,0.7089804410934448,0.9968120455741882,0.6585459113121033,0.4470141530036926,0.999893844127655,True,-6.419022079970621
116,3858,True,0.49470847845077515,0.5219424962997437,0.9987989664077759,0.6366381049156189,0.5094844102859497,0.9995860457420349,0.4983358383178711,0.7134665250778198,0.9941462874412537,0.5987316966056824,0.7118417024612427,0.9965378642082214,0.6533070802688599,0.4551393687725067,0.9998838305473328,True,-5.016366194492165
117,3891,True,0.47767558693885803,0.522915244102478,0.998747706413269,0.6591891050338745,0.5195876359939575,0.9995074272155762,0.49500513076782227,0.7129992842674255,0.9938915967941284,0.6102467775344849,0.711808979511261,0.9960481524467468,0.6514313817024231,0.4612377882003784,0.9998148679733276,True,-1.0502608722806082
118,3924,True,0.47074437141418457,0.5235790014266968,0.9987666606903076,0.6673104763031006,0.5276573896408081,0.9994750022888184,0.49164530634880066,0.7137841582298279,0.9938158392906189,0.608669102191925,0.7122427225112915,0.9957435131072998,0.6189073920249939,0.4609234929084778,0.9997882843017578,True,1.1886123979518664
119,3958,True,0.46311911940574646,0.524043619632721,0.9987166523933411,0.6723487377166748,0.532753586769104,0.9993320107460022,0.4863499402999878,0.7171182632446289,0.9939776659011841,0.6014329195022583,0.714353621006012,0.9954527616500854,0.6041257977485657,0.4626888930797577,0.9996100068092346,True,2.383775235008642
120,3991,True,0.46357277035713196,0.5239291787147522,0.9986085295677185,0.6788038611412048,0.5384198427200317,0.9991970062255859,0.48084068298339844,0.7200402021408081,0.993807852268219,0.5975046753883362,0.7188091278076172,0.9950803518295288,0.5752661228179932,0.4658191502094269,0.9993606209754944,True,3.8516871761299054
121,4024,True,0.4762824773788452,0.5211458802223206,0.9987323880195618,0.6682561039924622,0.5401601791381836,0.9992191791534424,0.48786672949790955,0.7190093398094177,0.9943348169326782,0.5963919758796692,0.7208200097084045,0.9953683614730835,0.5243419408798218,0.468927264213562,0.9994055032730103,True,5.656492434341621
122,4058,True,0.5053082704544067,0.5158076882362366,0.9988428354263306,0.6569182872772217,0.5373514294624329,0.9991532564163208,0.5007860660552979,0.716513991355896,0.9948238134384155,0.5942535400390625,0.7198815941810608,0.9957042932510376,0.5047169923782349,0.46809813380241394,0.9994498491287231,True,8.087568767491069
123,4091,True,0.5410433411598206,0.5101705193519592,0.9989487528800964,0.6071159839630127,0.5364647507667542,0.9991729259490967,0.5311359167098999,0.7095243334770203,0.9952872395515442,0.5635901093482971,0.7140452861785889,0.9960487484931946,0.4915941655635834,0.46717217564582825,0.9994996190071106,True,21.700549032684304
124,4124,True,0.5510233640670776,0.5017684698104858,0.9990314245223999,0.5907465219497681,0.5233656764030457,0.9991388916969299,0.5443436503410339,0.6942901611328125,0.9956596493721008,0.544671893119812,0.7001193761825562,0.9962757229804993,0.49362605810165405,0.4628978669643402,0.9995316863059998,True,28.53262006633944
125,4157,True,0.550183892250061,0.49507877230644226,0.9991039633750916,0.5608649849891663,0.5161765217781067,0.9991004467010498,0.5479331612586975,0.6920228600502014,0.9959339499473572,0.5382714867591858,0.6960189938545227,0.9963330626487732,0.48915567994117737,0.45712772011756897,0.9995478391647339,True,63.14841483242383
126,4191,True,0.5497768521308899,0.47950324416160583,0.9991878271102905,0.5491176247596741,0.5056959986686707,0.9990264177322388,0.5493170619010925,0.6776182055473328,0.9962506890296936,0.5310395956039429,0.6849889755249023,0.9963864684104919,0.4950436055660248,0.449175626039505,0.9995720386505127,True,91.44173358598188
127,4224,True,0.5712416768074036,0.48218536376953125,0.9992446303367615,0.5319292545318604,0.5035117268562317,0.998965859413147,0.551816463470459,0.6798921823501587,0.9964732527732849,0.5172678828239441,0.6850643157958984,0.9963997602462769,0.5026905536651611,0.44532090425491333,0.9995822906494141,True,151.52087376433784
128,4257,True,0.5888023376464844,0.48373574018478394,0.999312162399292,0.5102756023406982,0.5061517357826233,0.9985892176628113,0.5571465492248535,0.6810452342033386,0.9965200424194336,0.5046303272247314,0.6852322816848755,0.9955493211746216,0.5030038356781006,0.44368618726730347,0.9995385408401489,True,164.06824106022594
129,4290,True,0.5976560711860657,0.486435204744339,0.999373733997345,0.5012198686599731,0.5068199634552002,0.998492419719696,0.5673341751098633,0.6832478046417236,0.9967253804206848,0.502027153968811,0.6880537867546082,0.9954801797866821,0.5054903030395508,0.44432970881462097,0.9995430111885071,True,168.0644711787399
130,4324,True,0.6045277714729309,0.4884475767612457,0.9994322657585144,0.4851855933666229,0.507754385471344,0.9985159635543823,0.5730394721031189,0.6850419640541077,0.9969660043716431,0.49176326394081116,0.6892287135124207,0.9956049919128418,0.5064626932144165,0.44488242268562317,0.9995766878128052,True,170.810482555819
131,4357,True,0.6163745522499084,0.49348071217536926,0.9994832277297974,0.4608919620513916,0.5090929269790649,0.99852454662323,0.579636812210083,0.6901143789291382,0.9971817135810852,0.47733768820762634,0.6921138763427734,0.9957554340362549,0.5049560070037842,0.44517120718955994,0.9996109008789062,True,174.26607327012283
132,4390,True,0.6211954951286316,0.4962165951728821,0.9995303153991699,0.44992727041244507,0.5095121264457703,0.998575747013092,0.5822830200195312,0.69195556640625,0.9973894953727722,0.4708154797554016,0.6926981210708618,0.9959006309509277,0.5044261813163757,0.444888174533844,0.9996394515037537,True,175.5610383637337
133,4423,True,0.6234402656555176,0.4990712106227875,0.9995728731155396,0.4367069900035858,0.5113702416419983,0.9986199140548706,0.5900066494941711,0.6972503066062927,0.9975346922874451,0.46802598237991333,0.6978955864906311,0.9959275126457214,0.5045504570007324,0.4444597065448761,0.9996668696403503,True,176.23170418094142
134,4457,True,0.6278053522109985,0.501759946346283,0.999606192111969,0.43075719475746155,0.513885498046875,0.9986886382102966,0.5908383727073669,0.7021726965904236,0.997657835483551,0.46469396352767944,0.7023864984512329,0.9960110187530518,0.5052655935287476,0.4443139433860779,0.9996795654296875,True,176.47868820334165
135,4490,True,0.629113495349884,0.5036972761154175,0.9996358752250671,0.42473167181015015,0.5144171714782715,0.9987159967422485,0.5889686346054077,0.7035179138183594,0.9976680874824524,0.4602050483226776,0.7035591006278992,0.9958125948905945,0.5067586302757263,0.4438392221927643,0.9996989369392395,True,176.9975683509922
136,4523,True,0.6307162642478943,0.5060935020446777,0.9996606707572937,0.42199113965034485,0.5154145359992981,0.9987509250640869,0.5880647301673889,0.7036512494087219,0.997601330280304,0.4567839503288269,0.704088568687439,0.9954802393913269,0.5070948004722595,0.4434800148010254,0.9997029304504395,True,177.44304228555535
137,4556,True,0.6301414370536804,0.5063535571098328,0.9996879696846008,0.4192822277545929,0.5159213542938232,0.9987948536872864,0.5876197218894958,0.7030126452445984,0.9975638389587402,0.45635631680488586,0.7035488486289978,0.9952639937400818,0.5073575973510742,0.44303563237190247,0.9997181296348572,True,177.40196961314768
138,4590,True,0.6309121251106262,0.506694495677948,0.9997105598449707,0.4185870587825775,0.5159938931465149,0.9988505244255066,0.5868448615074158,0.7029492855072021,0.9975576996803284,0.454684317111969,0.703607976436615,0.9951233267784119,0.5074626803398132,0.44249090552330017,0.9997332692146301,True,177.4921664469029
139,4623,True,0.6320245265960693,0.5065603256225586,0.9997332692146301,0.420565128326416,0.5160481333732605,0.9989194273948669,0.5864356756210327,0.7027494311332703,0.9976004958152771,0.4562394320964813,0.7035161852836609,0.9951160550117493,0.5075165629386902,0.44220057129859924,0.9997499585151672,True,177.43096313700093
140,4656,True,0.6307846903800964,0.5070571899414062,0.9997540712356567,0.41779831051826477,0.5160940289497375,0.9989671111106873,0.5863571763038635,0.703508734703064,0.997684895992279,0.456106573343277,0.7048294544219971,0.995160698890686,0.5083639025688171,0.44213420152664185,0.999765932559967,True,177.57044386376134
141,4690,True,0.6313669681549072,0.5075274705886841,0.9997706413269043,0.4178747534751892,0.5156753659248352,0.9990183115005493,0.5859836935997009,0.7041228413581848,0.9977115392684937,0.45607659220695496,0.7055569887161255,0.9951506853103638,0.5084484219551086,0.4421762526035309,0.9997736215591431,True,177.8143767260268
142,4723,True,0.6327906847000122,0.5082191824913025,0.9997888207435608,0.4184964597225189,0.5156511664390564,0.9990713596343994,0.5866001844406128,0.7048548460006714,0.9977784156799316,0.4567081332206726,0.7060953378677368,0.9952337145805359,0.5095729231834412,0.44221341609954834,0.9997893571853638,True,178.01370889625997
143,4756,True,0.6328794360160828,0.5081510543823242,0.9998052716255188,0.41710391640663147,0.5152646899223328,0.9991253614425659,0.5869698524475098,0.7051641941070557,0.9977967143058777,0.4570455551147461,0.7061958909034729,0.9952190518379211,0.5116282105445862,0.4422341585159302,0.9997997879981995,True,178.11177038371716
144,4789,True,0.6333889365196228,0.5080940127372742,0.9998208284378052,0.4172073304653168,0.5155620574951172,0.9991481900215149,0.5870535373687744,0.7064777612686157,0.9978318810462952,0.457539439201355,0.7074068784713745,0.9951387643814087,0.5126740336418152,0.4416540563106537,0.999808132648468,True,178.02149051629758
145,4823,True,0.6340273022651672,0.5080643892288208,0.9998338222503662,0.41578546166419983,0.5155575275421143,0.9991908669471741,0.5879921913146973,0.7069260478019714,0.9978220462799072,0.4579014778137207,0.7082258462905884,0.9951137900352478,0.5129808187484741,0.44151318073272705,0.9998143315315247,True,178.03357313101822
146,4856,True,0.6338304877281189,0.5079005360603333,0.9998403191566467,0.4162507653236389,0.51555335521698,0.9992095828056335,0.5890085697174072,0.7068701386451721,0.9977572560310364,0.45812445878982544,0.7080942392349243,0.9948933124542236,0.5147036910057068,0.44173091650009155,0.9998009204864502,True,177.98559555266903
147,4889,True,0.6340429186820984,0.5078836679458618,0.9998484253883362,0.41631028056144714,0.5155623555183411,0.9992052316665649,0.5894598364830017,0.7068869471549988,0.9977389574050903,0.4583250880241394,0.7080300450325012,0.9947285056114197,0.5170302391052246,0.44157013297080994,0.9997930526733398,True,177.98021034470293
148,4922,True,0.6352280378341675,0.5078516602516174,0.9998591542243958,0.41586020588874817,0.5155689716339111,0.9992397427558899,0.5897143483161926,0.7069406509399414,0.9976929426193237,0.4584381580352783,0.7080810070037842,0.9946389198303223,0.5183600783348083,0.44155704975128174,0.9998044967651367,True,177.98517817885215
149,4956,True,0.6353285312652588,0.5075412392616272,0.9998629093170166,0.41630199551582336,0.5152315497398376,0.9992006421089172,0.5899150371551514,0.7052978873252869,0.9975624680519104,0.45853617787361145,0.7065834403038025,0.9942452907562256,0.520892858505249,0.44146478176116943,0.9997909069061279,True,177.98909571043347
150,4989,True,0.6358783841133118,0.5074980854988098,0.9998686909675598,0.41664278507232666,0.5148122906684875,0.9992282390594482,0.5911215543746948,0.7048974633216858,0.9975680708885193,0.45863598585128784,0.7058290243148804,0.9942074418067932,0.5209748148918152,0.44116640090942383,0.9998006224632263,True,178.08918939208414
151,5022,True,0.6368067264556885,0.5072411298751831,0.9998772740364075,0.4168478846549988,0.5145377516746521,0.9992758631706238,0.5915296673774719,0.7050970792770386,0.9975627660751343,0.4586859345436096,0.7061735987663269,0.9943100214004517,0.520942747592926,0.4408921003341675,0.9998155236244202,True,178.1000428013208
152,5055,True,0.6374132037162781,0.5072024464607239,0.9998877048492432,0.41707542538642883,0.5146378874778748,0.9993237257003784,0.5929336547851562,0.704986572265625,0.9975669980049133,0.45874133706092834,0.7061702013015747,0.9943445920944214,0.5210289359092712,0.44074058532714844,0.9998324513435364,True,178.06725024545676
153,5089,True,0.6376888751983643,0.5071779489517212,0.999893844127655,0.41744256019592285,0.5146145224571228,0.999365508556366,0.595259428024292,0.7038207650184631,0.9976308941841125,0.45920032262802124,0.7045020461082458,0.9945728778839111,0.5211055874824524,0.44003087282180786,0.9998420476913452,True,178.06615395249207
154,5122,True,0.637536883354187,0.5071580410003662,0.999899685382843,0.41769877076148987,0.5144012570381165,0.9993813037872314,0.5955078601837158,0.701817512512207,0.99750816822052,0.4593598544597626,0.7023953199386597,0.9943755269050598,0.5205344557762146,0.4394550919532776,0.9998504519462585,True,178.11290394714493
155,5155,True,0.6376493573188782,0.507201075553894,0.9999076128005981,0.417490154504776,0.5148813128471375,0.9994270205497742,0.5959895849227905,0.7030476331710815,0.9976306557655334,0.4594847559928894,0.703145444393158,0.9946551322937012,0.5208967924118042,0.4391075372695923,0.9998645186424255,True,178.00205123535562
156,5188,True,0.6387866139411926,0.5075927376747131,0.9999147653579712,0.41753432154655457,0.5151693820953369,0.9994691014289856,0.5964537858963013,0.7033222913742065,0.9977403879165649,0.4593835771083832,0.7031623721122742,0.9948890209197998,0.5207685232162476,0.43760621547698975,0.9998769760131836,True,178.0387087850739
157,5222,True,0.6392794251441956,0.5080446600914001,0.9999217987060547,0.4176376461982727,0.515005886554718,0.9995142221450806,0.5964231491088867,0.7054460644721985,0.9978533983230591,0.4593315124511719,0.7051635384559631,0.9951596260070801,0.5206402540206909,0.43636927008628845,0.9998886585235596,True,178.2010709806813
158,5255,True,0.6416727304458618,0.5080998539924622,0.9999281167984009,0.4176885783672333,0.5146518349647522,0.9995559453964233,0.5962147116661072,0.7051836848258972,0.9979245066642761,0.4593401253223419,0.7045493721961975,0.9953775405883789,0.5205492377281189,0.43464696407318115,0.9998990893363953,True,178.3244625369341
159,5288,True,0.644588053226471,0.5081391930580139,0.9999342560768127,0.419616162776947,0.5145379900932312,0.9995946288108826,0.5967008471488953,0.7057186365127563,0.9979995489120483,0.4596470296382904,0.7050542235374451,0.9956122636795044,0.520465075969696,0.4337098002433777,0.9999088644981384,True,178.37079536060244
160,5322,True,0.6450231075286865,0.5081886053085327,0.9999397397041321,0.4199325740337372,0.514298677444458,0.9996292591094971,0.5966784954071045,0.7072941660881042,0.9980634450912476,0.45930197834968567,0.7071509957313538,0.9958240389823914,0.5199902653694153,0.4325844645500183,0.9999176263809204,True,178.4450905472147
161,5355,True,0.6456915736198425,0.5081668496131897,0.9999441504478455,0.4201798439025879,0.5145477652549744,0.999655544757843,0.5966624021530151,0.7072640657424927,0.9980969429016113,0.4588235318660736,0.7071808576583862,0.9959633350372314,0.5187811255455017,0.43209585547447205,0.9999244809150696,True,178.37923280555873
162,5388,True,0.646503210067749,0.5077463984489441,0.9999474287033081,0.4205279052257538,0.5145810842514038,0.9996662735939026,0.5965597033500671,0.7072331309318542,0.9980642199516296,0.45734283328056335,0.7071643471717834,0.9958952069282532,0.5177947282791138,0.4296809732913971,0.9999285340309143,True,178.26760137310515
163,5421,True,0.6464517116546631,0.5070961713790894,0.9999516010284424,0.41662776470184326,0.5146276950836182,0.9996772408485413,0.5965384244918823,0.7072096467018127,0.9980871677398682,0.4557519555091858,0.7077401280403137,0.9958917498588562,0.5170446038246155,0.42704877257347107,0.9999332427978516,True,178.12304091309565
164,5455,True,0.6466709971427917,0.5054299235343933,0.9999539256095886,0.4140361547470093,0.5139135122299194,0.9996910095214844,0.5963253974914551,0.7077215313911438,0.9980789422988892,0.4551156461238861,0.7080433368682861,0.9959839582443237,0.5156272053718567,0.42454755306243896,0.9999374747276306,True,177.91149716771847
